age,sex,cp,trestbps,chol,fbs
-1.624624529212391,0.7453559924999298,-0.7924058156930613,-0.9508515989652792,0.1906459721104431,-0.4082482904638629
0.5287239592111336,-1.3416407864998738,-0.7924058156930613,-2.060178464424771,0.43328630025100734,-0.4082482904638629
0.259555398158193,-1.3416407864998738,0.4402254531628118,0.8980265101338742,1.8284681870592518,-0.4082482904638629
2.143735325528777,0.7453559924999298,-0.7924058156930613,1.267802131953705,-1.811136735049212,-0.4082482904638629
-0.1441974434212179,0.7453559924999298,-0.7924058156930613,0.8980265101338742,-0.9315655455396665,2.449489742783178
-1.08628740710651,-1.3416407864998738,-0.7924058156930613,-0.285255479689584,0.8275768334794242,-0.4082482904638629
1.0670610813170147,-1.3416407864998738,-0.7924058156930613,0.7501162614059419,1.8284681870592518,2.449489742783178
-1.3554559681594505,0.7453559924999298,0.4402254531628118,-0.5810759771454485,-0.4159548482409675,-0.4082482904638629
-0.4133660044741585,-1.3416407864998738,1.6728567220186852,-0.5810759771454485,-0.7192552584166728,-0.4082482904638629
0.9324768007905445,0.7453559924999298,-0.7924058156930613,1.4896675050456032,-0.9315655455396665,-0.4082482904638629
0.1249711176317227,0.7453559924999298,0.4402254531628118,0.15847526649421284,0.4939463822861484,-0.4082482904638629
